token,TP_percent,cnt
CACGC,0.7176470588235294,255
GCGC,0.6396761133603239,2470
CGC,0.4879843796936017,6658
GCGTG,0.45322793148880103,759
GCGCA,0.44966442953020136,745
GGCGC,0.447841726618705,556
CGCA,0.4280078895463511,3549
CCCGC,0.41204819277108434,415
CGTG,0.40329218106995884,4131
GCGCC,0.3059360730593607,1533
GACGC,0.2912621359223301,103
TACGC,0.2777777777777778,36
GCGG,0.26413043478260867,3680
GCACA,0.252129471890971,587
CACGG,0.250814332247557,307
GCACC,0.22512234910277323,613
CGCC,0.2146118721461187,5256
GGGC,0.20680796403339757,1557
CG,0.18660287081339713,418
GTGCA,0.18622448979591838,392
GCGGA,0.18382352941176472,544
GCGTA,0.1810344827586207,116
CACA,0.17885084546142846,11887
GTGTG,0.17149569303054032,1277
CCGCA,0.17142857142857143,280
GCGTC,0.16666666666666666,240
CCGTG,0.1620795107033639,327
GCCCC,0.15570719602977667,1612
GTGCC,0.15461847389558234,498
CGCTG,0.1535982814178303,931
TGTG,0.15188226685096348,12299
CGTA,0.14971428571428572,875
CCGC,0.14520547945205478,365
CGTCC,0.1451048951048951,572
CGCAA,0.14285714285714285,259
GCCCA,0.13292117465224113,647
GCAGG,0.13046448087431695,1464
CGG,0.12923941400762592,9966
CGCTT,0.12207792207792208,385
CGCCA,0.12186978297161936,599
TGCA,0.11643579183826282,2671
CGGCC,0.115234375,512
CGGTG,0.11482254697286012,479
CGTGA,0.11423550087873462,569
GGCGA,0.11165048543689321,206
CGGGG,0.10985915492957747,355
GGGTG,0.10796915167095116,778
TCGCA,0.1039426523297491,279
GTGGG,0.10372771474878444,1234
GGCGG,0.10199789695057834,951
GC,0.10064061499039077,15610
CCCGG,0.09937106918238994,795
GCATG,0.09929906542056074,856
TCGC,0.09777777777777778,450
GCTC,0.0962532299741602,1548
CACC,0.0960167714884696,2385
GCCGG,0.09425287356321839,435
GAGC,0.09270433351618211,1823
GCGA,0.09090909090909091,506
GCCTG,0.08961802154750245,2042
GGGCC,0.08873720136518772,879
GCGTT,0.08762886597938144,194
CGGA,0.08547008547008547,1989
GGGCA,0.08286674132138858,893
GCC,0.08090614886731391,18849
CCGG,0.07902439024390244,1025
GGGG,0.07831963954412934,7546
GTGTA,0.07818930041152264,243
CCGTC,0.07777777777777778,90
CACGA,0.07692307692307693,78
CCGCC,0.07643312101910828,628
CGCTA,0.07563025210084033,119
TCGTG,0.07453416149068323,322
GTG,0.07441803629253986,16367
GACGG,0.07394366197183098,284
GCA,0.07101060587589907,16406
CGTC,0.07,800
GCGAA,0.06951871657754011,187
CGACC,0.06944444444444445,72
CGAGG,0.06914212548015365,781
GGTG,0.06548933038999265,4077
GGCC,0.06539627544391512,4618
CCCC,0.06431915326684307,4913
GTCGG,0.06349206349206349,126
CATG,0.06304282719377059,6678
CA,0.062713701943124,11991
GCTCC,0.06074240719910011,1778
CGTT,0.06050420168067227,1190
CGGAA,0.0603448275862069,348
CCGTA,0.058823529411764705,51
TG,0.058394583019850684,17279
CGA,0.058070866141732284,3048
CACTC,0.057692307692307696,260
CCGGA,0.05612244897959184,196
TCGCC,0.05555555555555555,504
GGCTC,0.054285714285714284,350
GGACA,0.0535279805352798,411
GCAGA,0.05194805194805195,462
CAGC,0.05141536683997689,1731
GCCTC,0.05128205128205128,351
GGACC,0.050746268656716415,335
CCCGA,0.049019607843137254,204
GTGGC,0.04844290657439446,289
GCAGC,0.04736842105263158,380
TGCC,0.0473186119873817,2536
C,0.04730831973898858,5517
GAGCC,0.04716227018385292,1251
CTCGG,0.046583850931677016,322
GGTCC,0.046511627906976744,387
TGTGA,0.046370967741935484,496
GGCTG,0.04630071599045346,2095
TCGG,0.04563233376792699,767
TACGA,0.045454545454545456,44
GGCA,0.04499856692462024,3489
CCTG,0.044872561924135454,8357
GTCC,0.0448679769704189,5037
CCCA,0.044514807226671636,5369
GTCCA,0.044444444444444446,315
GTGGA,0.0443213296398892,361
CGTCA,0.043478260869565216,322
CC,0.04336329984135378,13237
CTGTG,0.0431095406360424,1415
TACGG,0.04285714285714286,70
CATA,0.042725173210161664,2598
GT,0.0425764192139738,916
GGGTC,0.04201680672268908,238
TCCCC,0.041193181818181816,704
CTGCC,0.04105571847507331,682
GAGTG,0.04045801526717557,1310
G,0.03916791604197901,5336
TGGG,0.038086476540938365,5435
CAGCA,0.037526427061310784,1892
ATG,0.03723404255319149,188
CCACC,0.03656307129798903,547
CAGCC,0.03632103104862332,1707
TCACA,0.03631961259079903,413
GGGA,0.035642425984478296,3479
GTACA,0.0353356890459364,283
GG,0.035329341317365266,15030
TGCTG,0.03483606557377049,488
CGAA,0.03477344573234984,949
CCGA,0.03468208092485549,173
GTTCC,0.034574468085106384,376
GCTG,0.03446005267778753,9112
CCCCA,0.03433208489388265,1602
CAGG,0.03423304805793285,12152
GGAGG,0.03380588876772083,2751
GGGGA,0.03354037267080745,805
CGAGA,0.033126293995859216,483
CCAGG,0.03285420944558522,974
GAGCA,0.032758620689655175,1160
GTCTG,0.03260869565217391,1012
CACCA,0.03260869565217391,1104
GCATA,0.032388663967611336,247
CCTC,0.032134659525631215,1307
CGATG,0.0321285140562249,249
GACC,0.03194369247428262,1847
GGCCA,0.03188602442333786,1474
CCCTG,0.03188228080931944,1631
CTCTC,0.031496062992125984,254
CGGTT,0.03137254901960784,255
CTCC,0.03134232498394348,7785
CCACA,0.030141843971631204,564
CGATT,0.029850746268656716,201
CTGCA,0.029447852760736196,815
GCCA,0.02937466210127951,5549
CGTTA,0.02912621359223301,206
TCGTC,0.028846153846153848,104
CGTAA,0.028708133971291867,209
CCTCC,0.028206492815327302,1879
CTGGG,0.028203062046736505,1241
CCCTC,0.028052805280528052,606
GCTCA,0.027151403589507593,2173
GAGG,0.026572403705509506,8204
CAGTG,0.02562373567093729,1483
CAAGG,0.0256,625
GTTGG,0.025547445255474453,548
CTC,0.025393127548048924,8585
GAGTC,0.025179856115107913,278
GACA,0.025170801869830995,2781
CATCC,0.024630541871921183,609
CACAA,0.024312896405919663,946
TCGGA,0.023952095808383235,167
GGA,0.023721231385013832,16989
GTACC,0.023529411764705882,170
CTG,0.023412634191077305,18537
GCCAA,0.023085585585585586,1776
TCCTC,0.022556390977443608,266
CCA,0.021609397575224575,15919
CACTG,0.021602160216021602,1111
CTCA,0.021402747650036153,6915
TGTA,0.02112979732643381,2319
TCC,0.02085991324317428,15676
GCT,0.020833333333333332,192
CTTCC,0.020537124802527645,633
CCATG,0.019940179461615155,1003
TAGC,0.019880715705765408,503
CTACC,0.019801980198019802,202
CAGTC,0.01977401129943503,354
GTC,0.019738839963559063,6586
GTTGA,0.019455252918287938,257
TCGTA,0.019417475728155338,103
TAGCC,0.01932367149758454,207
CTTGG,0.01904761904761905,840
TC,0.018814088274632188,11215
GGATG,0.01875732708089097,853
GGGAA,0.01868460388639761,1338
T,0.018376722817764167,4571
A,0.018360071301247772,5610
GATCC,0.018145161290322582,496
TCACC,0.018032786885245903,610
GCTGA,0.017777777777777778,1800
CACTT,0.01768990634755463,961
TGAGG,0.017391304347826087,1265
GCCTT,0.01734906315058987,1441
TCCTG,0.01694915254237288,1534
GAAGG,0.016910935738444193,887
GGTA,0.016869095816464237,1482
CAGGA,0.01661392405063291,1264
GTATG,0.016587677725118485,422
GCCTA,0.01652892561983471,242
CTCCA,0.01637107776261937,733
CATC,0.016320474777448073,674
CAGA,0.016284138992178485,7799
GAGGA,0.016166281755196306,1299
TACA,0.016090741229227115,3791
GGGTT,0.015968063872255488,501
GATG,0.01550751879699248,4256
GTTCA,0.014925373134328358,335
TCCCA,0.014903129657228018,671
CTACA,0.014705882352941176,272
TGTT,0.014679121679000364,8243
TCTCC,0.014498757249378625,2414
GGTGA,0.014492753623188406,690
GAACC,0.01440922190201729,347
CAATG,0.01437908496732026,765
CTGGA,0.014184397163120567,423
TCTG,0.013899049012435992,8202
CCTCA,0.013639626704953339,1393
GTGTT,0.013605442176870748,1176
GTCTC,0.013605442176870748,294
TCCA,0.013555383423702556,5164
CCTGA,0.013528748590755355,887
GGAGA,0.01347305389221557,668
GATC,0.013114754098360656,305
CTCTG,0.012987012987012988,1540
GACTG,0.012987012987012988,847
CCTA,0.012623985572587917,2218
CGAAA,0.012552301255230125,239
CT,0.012416427889207259,1047
GAACA,0.012165450121654502,411
GGTC,0.0121580547112462,329
CACTA,0.012121212121212121,495
CCCAA,0.01193058568329718,922
CTCTT,0.011904761904761904,1428
GA,0.011784363732301469,11371
TAGCA,0.011627906976744186,602
GCTT,0.0115691706045299,6137
GCATT,0.011505273250239693,1043
GTGA,0.011503309171131421,6346
TGACC,0.011461318051575931,349
GGGTA,0.011396011396011397,351
CAACA,0.011267605633802818,355
CCAGA,0.011204481792717087,357
GGCTA,0.011142061281337047,359
TGA,0.011111863947421911,14759
TCT,0.01107011070110701,271
GGATA,0.011029411764705883,272
CCCTA,0.010968921389396709,547
TATG,0.010966273536105938,4833
CCCTT,0.010923535253227408,1007
GTCA,0.010792099368764,4911
CTTCA,0.010775862068965518,464
GCAA,0.0106951871657754,5423
TCTC,0.010519247985675918,4468
GGTCA,0.010443864229765013,766
GACCA,0.010404624277456647,865
CCGTT,0.01020408163265306,98
GGCTT,0.010135135135135136,888
TAGTG,0.01001669449081803,599
TA,0.009696534386783983,11138
GAGA,0.00955572102258625,8058
GACTT,0.00954653937947494,838
TCA,0.009536357362444318,15939
TGGA,0.00951655881233346,2627
TCAGG,0.00946372239747634,634
GTTTG,0.009240246406570842,974
GGCAA,0.009157509157509158,546
GCTA,0.009040880503144654,2544
CATGA,0.009009009009009009,777
TCATG,0.00881057268722467,908
CCTT,0.008615084525357607,6152
CAA,0.008603203469259284,14297
CTGA,0.00836489898989899,6336
TAGG,0.008364580328814536,3467
CCAA,0.008362504861921432,5142
GTCTT,0.008157715839564922,1471
CAGAA,0.008029197080291971,1370
CCATA,0.00796812749003984,251
CTT,0.007864803379915502,15385
CTCTA,0.007614213197969543,394
CATCA,0.0075675675675675675,925
GGAA,0.007503607503607504,6930
TACC,0.00741962077493817,1213
GGTT,0.007345575959933222,2995
GAGAA,0.00728476821192053,1510
GTA,0.007178296210281853,9473
GACTC,0.0070921985815602835,282
GCAAA,0.007042253521126761,1846
GTT,0.0069035851572919115,12747
CAAA,0.0067383851519092096,8459
GTAGG,0.006734006734006734,297
CTCAA,0.0067064083457526085,1342
TACTG,0.006430868167202572,622
CTTTG,0.006230529595015576,1605
GTCTA,0.006191950464396285,323
CTA,0.006176716917922948,9552
CTTGA,0.005988023952095809,334
GTGAA,0.005897771952817824,1526
CCAAA,0.005836575875486381,1542
CAGTT,0.005827505827505828,858
TGACA,0.005747126436781609,348
TGAGA,0.0052585451358457495,1141
TT,0.005257380553469294,17309
GAA,0.005209539245195647,17276
TGATG,0.005050505050505051,990
GACAA,0.004956629491945477,807
GGTAA,0.004914004914004914,407
TCGAA,0.004878048780487805,205
CTGTT,0.004792332268370607,1252
CAACC,0.004750593824228029,421
CAGTA,0.004672897196261682,642
GAGTT,0.00461361014994233,867
TCTGA,0.0044742729306487695,1788
TATCC,0.004454342984409799,449
TAACC,0.004424778761061947,226
TCTCA,0.004420866489832007,2262
GATGA,0.004379562043795621,685
CTAGA,0.004273504273504274,234
GGAAA,0.004186602870813397,1672
TGAAA,0.004118050789293068,1457
GGATT,0.004032258064516129,992
CAATT,0.003992015968063872,1002
TAGTA,0.003968253968253968,756
TCAGC,0.003952569169960474,253
TCGA,0.00392156862745098,255
TATCA,0.003911342894393742,767
TTTG,0.0038639876352395673,3882
GTATT,0.0038095238095238095,1050
GTTAA,0.003676470588235294,1088
TAGGA,0.003669724770642202,545
CTTA,0.00366121552355382,4097
CTAA,0.003647139275131069,4387
AA,0.003641816623821765,9336
CCTAA,0.0036363636363636364,550
TACCA,0.0035087719298245615,570
GAGTA,0.0034965034965034965,572
GTATA,0.003484320557491289,287
CTAGG,0.003401360544217687,294
GAATG,0.0033259423503325942,902
CCATT,0.00315955766192733,1266
GATTA,0.0031201248049922,641
TGAA,0.003112436778627934,7711
TTCA,0.0030627871362940277,1959
GCTAA,0.003036437246963563,988
GCTTA,0.0029895366218236174,669
TCATA,0.0029850746268656717,335
GTCAA,0.0029411764705882353,1020
TCCTT,0.0029394473838918285,1701
TCCAA,0.0028922631959508315,1383
TCCTA,0.002881844380403458,347
TAGTT,0.0028776978417266188,695
TTACA,0.0028653295128939827,349
TATA,0.002852660105548424,7011
CTGAA,0.002852253280091272,1753
TAAGG,0.002840909090909091,352
ATT,0.0028328611898017,353
TAACA,0.002824858757062147,354
TGATA,0.0028089887640449437,356
GTAAA,0.002775850104094379,1441
TAAGA,0.0027624309392265192,362
CATT,0.002749050922895667,7639
GTTTA,0.0027397260273972603,365
CATAA,0.0027100271002710027,738
GATCA,0.0026954177897574125,742
CTGTA,0.002631578947368421,380
TGTTA,0.002617801047120419,382
TACTT,0.0025220680958385876,793
CAAGA,0.0024937655860349127,401
TCTAA,0.0024916943521594683,1204
GTAA,0.0024443901246638962,4091
TAGA,0.0023497818059751594,2979
GACTA,0.002336448598130841,428
GATT,0.0023121387283236996,4325
TCTT,0.002254098360655738,9760
GAAA,0.0022520217013000305,9769
TCAGA,0.0022123893805309734,452
CTTTA,0.002074688796680498,482
GATA,0.0020671834625322996,1935
TCTA,0.0020607934054611026,3882
AAA,0.002004008016032064,14970
TCAA,0.0019230769230769232,6240
GTTA,0.0019220208676551346,3642
TCATT,0.0018587360594795538,1614
TAA,0.0018371872030408616,15785
TTA,0.0018093593223126902,12159
TATC,0.0017921146953405018,558
TACAA,0.0017346053772766695,1153
CAAAA,0.0017094017094017094,2925
CTTAA,0.0016488046166529267,1213
CTAAA,0.001607717041800643,1244
TACTA,0.0015873015873015873,630
GAAAA,0.0015629070070330815,3839
GATAA,0.0015384615384615385,650
GTTTT,0.0014509576320371445,3446
TATT,0.0012472715933894605,9621
TCAAA,0.000975609756097561,2050
TATAA,0.0009478672985781991,1055
TTAA,0.000859106529209622,3492
TAATA,0.0008285004142502071,1207
TCTTA,0.0007968127490039841,1255
TGATT,0.0007473841554559044,1338
GAATT,0.0006489292667099286,1541
TTTT,0.000611776701503951,19615
TTATT,0.0005376344086021505,1860
TAAA,0.0005189413596263622,9635
TAATT,0.0005141388174807198,1945
AAAA,0.0004363382494109434,11459
TTTA,0.0003456619426201175,2893
CTTTT,0.00028653295128939826,3490
TTTTA,0.00022650056625141563,4415
