token,score,cnt
CACGC,0.7215686274509804,255
GCGC,0.6400809716599191,2470
CGC,0.48603184139381195,6658
GCGTG,0.4505928853754941,759
GGCGC,0.4460431654676259,556
GCGCA,0.44563758389261743,745
CGCA,0.42969850662158354,3549
CGTG,0.40305010893246185,4131
CCCGC,0.39518072289156625,415
GCGCC,0.294194390084801,1533
GCGG,0.2625,3680
GACGC,0.2524271844660194,103
TACGC,0.25,36
GCACA,0.24872231686541738,587
CACGG,0.2280130293159609,307
CGCC,0.2151826484018265,5256
GGGC,0.20680796403339757,1557
GCACC,0.2039151712887439,613
GCGGA,0.18382352941176472,544
GCGTA,0.1810344827586207,116
GTGCA,0.17857142857142858,392
CACA,0.17851434340035333,11887
GTGTG,0.1644479248238058,1277
TGTG,0.15269534108464103,12299
CGTA,0.15085714285714286,875
GCGTC,0.15,240
CG,0.14832535885167464,418
CCGCA,0.14642857142857144,280
CGCAA,0.14285714285714285,259
CGCTG,0.14070891514500536,931
CCGC,0.13972602739726028,365
GCCCC,0.1315136476426799,1612
GCCCA,0.13137557959814528,647
CGTCC,0.13111888111888112,572
GTGCC,0.13052208835341367,498
CCGTG,0.12538226299694188,327
GCAGG,0.12363387978142076,1464
CGG,0.1211117800521774,9966
CGCTT,0.11948051948051948,385
CGCCA,0.11519198664440734,599
TGCA,0.11493822538375141,2671
CGTGA,0.11247803163444639,569
TCGC,0.1,450
GC,0.09929532351057015,15610
CGGCC,0.09765625,512
GCATG,0.0969626168224299,856
GTGGG,0.09643435980551053,1234
CACC,0.09433962264150944,2385
GCTC,0.09431524547803617,1548
GGGTG,0.09383033419023136,778
GAGC,0.09325287986834888,1823
CACGA,0.08974358974358974,78
GCGA,0.08893280632411067,506
GCGTT,0.08762886597938144,194
GGCGA,0.08737864077669903,206
CGGGG,0.08732394366197183,355
GCCTG,0.08619000979431929,2042
TCGCA,0.08602150537634409,279
CGGA,0.0824534942182001,1989
GTGTA,0.07818930041152264,243
GGCGG,0.07781282860147214,951
GGGG,0.0775245163000265,7546
CGGTG,0.07724425887265135,479
GGGCA,0.07390817469204927,893
GCC,0.07278900737439652,18849
CCGG,0.0721951219512195,1025
GTG,0.07014113765503757,16367
CGTC,0.06875,800
GCCGG,0.06666666666666667,435
CCCGG,0.06666666666666667,795
TCGTG,0.06521739130434782,322
GCA,0.06461050835060343,16406
GGCC,0.06431355565179732,4618
GGGCC,0.06370875995449374,879
CCCC,0.06350498676979442,4913
GGTG,0.06303654648025508,4077
CA,0.06296388958385456,11991
CATG,0.06229410002994909,6678
CGCTA,0.058823529411764705,119
CGTT,0.05798319327731093,1190
TG,0.05775797210486718,17279
CACTC,0.05384615384615385,260
GGACA,0.0535279805352798,411
GCGAA,0.053475935828877004,187
GCAGA,0.05194805194805195,462
CGA,0.05150918635170604,3048
CAGC,0.05025996533795494,1731
GCTCC,0.049493813273340834,1778
CGAGG,0.04865556978233035,781
GTCGG,0.047619047619047616,126
GCAGC,0.04736842105263158,380
TGCC,0.04652996845425868,2536
TGTGA,0.046370967741935484,496
CCGCC,0.04617834394904458,628
CGGAA,0.04597701149425287,348
TACGA,0.045454545454545456,44
GGCA,0.04499856692462024,3489
CCCA,0.044701061650214195,5369
GTCCA,0.044444444444444446,315
TCGG,0.04432855280312908,767
GTCC,0.044073853484216795,5037
CCTG,0.04319731961230106,8357
CC,0.04298557074865906,13237
C,0.042958129418162044,5517
TACGG,0.04285714285714286,70
CGACC,0.041666666666666664,72
GTGGC,0.04152249134948097,289
CATA,0.041185527328714396,2598
GCCTC,0.039886039886039885,351
CCGTA,0.0392156862745098,51
GTGGA,0.038781163434903045,361
CGTCA,0.037267080745341616,322
GT,0.03711790393013101,916
TGGG,0.03698252069917203,5435
TCACA,0.03631961259079903,413
GACGG,0.035211267605633804,284
CGAA,0.03477344573234984,949
GG,0.034597471723220224,15030
GGCTC,0.03428571428571429,350
GGGA,0.033917792469100316,3479
CAGG,0.03341013824884793,12152
GCTG,0.033362598770851626,9112
CTGTG,0.033215547703180213,1415
G,0.033170914542728636,5336
GGCTG,0.03293556085918854,2095
GCATA,0.032388663967611336,247
GAGCC,0.0319744204636291,1251
ATG,0.031914893617021274,188
GTACA,0.03180212014134275,283
CACCA,0.03170289855072464,1104
CCTC,0.03136954858454476,1307
TCCCC,0.03125,704
CTCC,0.03018625561978163,7785
CCCCA,0.0299625468164794,1602
TCGCC,0.02976190476190476,504
CCCGA,0.029411764705882353,204
GCCA,0.029194449450351413,5549
CGTTA,0.02912621359223301,206
CGAGA,0.028985507246376812,483
CGTAA,0.028708133971291867,209
GACC,0.028153762858689767,1847
CGATG,0.028112449799196786,249
CTCGG,0.027950310559006212,322
CGGTT,0.027450980392156862,255
GGACC,0.026865671641791045,335
GAGTG,0.026717557251908396,1310
TGCTG,0.02663934426229508,488
CCACA,0.026595744680851064,564
GAGG,0.026328620185275476,8204
CCCTG,0.02575107296137339,1631
GTCTG,0.025691699604743084,1012
CCGGA,0.025510204081632654,196
CTGCA,0.024539877300613498,815
GGCCA,0.024423337856173677,1474
GACA,0.02409205321826681,2781
TCGGA,0.023952095808383235,167
GTTCC,0.023936170212765957,376
GCTCA,0.02300966405890474,2173
CAGCA,0.022727272727272728,1892
GGAGG,0.022537259178480554,2751
GGGGA,0.02236024844720497,805
CTC,0.022248107163657542,8585
CTGCC,0.021994134897360705,682
CACTG,0.021602160216021602,1111
CATCC,0.021346469622331693,609
TGTA,0.02112979732643381,2319
CAGCC,0.0210896309314587,1707
GCT,0.020833333333333332,192
GCCAA,0.020833333333333332,1776
CTCA,0.020679681851048445,6915
GGTCC,0.020671834625323,387
CCACC,0.02010968921389397,547
CGATT,0.01990049751243781,201
GAGCA,0.019827586206896553,1160
CCCTC,0.019801980198019802,606
TCCTC,0.018796992481203006,266
CTG,0.018233802664940388,18537
CACAA,0.017970401691331923,946
TAGC,0.017892644135188866,503
TC,0.017744092732946946,11215
GTACC,0.01764705882352941,170
CCGA,0.017341040462427744,173
GGGAA,0.0171898355754858,1338
GGA,0.01706986873859556,16989
GGGTC,0.01680672268907563,238
GTATG,0.016587677725118485,422
GCCTA,0.01652892561983471,242
CCAGG,0.01642710472279261,974
CATC,0.016320474777448073,674
GGTA,0.016194331983805668,1482
GTC,0.015942909201336168,6586
TACA,0.015826958586125033,3791
T,0.015751476700940712,4571
CTCTC,0.015748031496062992,254
CACTT,0.015608740894901144,961
GATG,0.01550751879699248,4256
CCTCC,0.015433741351782864,1879
CAGA,0.015386588024105655,7799
GCCTT,0.015267175572519083,1441
GGATG,0.015240328253223915,853
TCCTG,0.01499348109517601,1534
CTACA,0.014705882352941176,272
A,0.01461675579322638,5610
GAACA,0.014598540145985401,411
TCC,0.014544526664965552,15676
TAGCC,0.014492753623188406,207
CCA,0.014448143727621082,15919
TGTT,0.014436491568603663,8243
GATCC,0.014112903225806451,496
GGGTT,0.013972055888223553,501
TCTG,0.013777127529870764,8202
CTGGG,0.0136986301369863,1241
CTCCA,0.013642564802182811,733
TCCA,0.013555383423702556,5164
TCCCA,0.013412816691505217,671
CAAGG,0.0128,625
GCTGA,0.012777777777777779,1800
GTTGG,0.012773722627737226,548
CAGGA,0.012658227848101266,1264
CCTA,0.012173128944995492,2218
GGTC,0.0121580547112462,329
CAGTG,0.012137559002022926,1483
CACTA,0.012121212121212121,495
CCATG,0.011964107676969093,1003
GTTCA,0.011940298507462687,335
GAACC,0.011527377521613832,347
CT,0.011461318051575931,1047
GTGA,0.01134572959344469,6346
CAGTC,0.011299435028248588,354
GCTT,0.011243278474824833,6137
GA,0.011168762641808109,11371
CCGTC,0.011111111111111112,90
GCAA,0.011063986723215933,5423
CTTCC,0.011058451816745656,633
GTGTT,0.011054421768707483,1176
GTCA,0.010792099368764,4911
TATG,0.010552451893234015,4833
CCGTT,0.01020408163265306,98
GAAGG,0.010146561443066516,887
TCTC,0.010071620411817368,4468
CCTCA,0.010050251256281407,1393
CTACC,0.009900990099009901,202
GATC,0.009836065573770493,305
TCACC,0.009836065573770493,610
TCGTA,0.009708737864077669,103
TCGTC,0.009615384615384616,104
GCATT,0.009587727708533078,1043
GCTA,0.009433962264150943,2544
TA,0.009427186209373316,11138
CCTGA,0.009019165727170236,887
CATGA,0.009009009009009009,777
GGAGA,0.008982035928143712,668
GAGA,0.008935219657483246,8058
TCATG,0.00881057268722467,908
TGGA,0.008755234107346783,2627
GGTGA,0.008695652173913044,690
CCCAA,0.008676789587852495,922
TGACC,0.008595988538681949,349
GGGTA,0.008547008547008548,351
CAACA,0.008450704225352112,355
CGAAA,0.008368200836820083,239
GGCTA,0.008356545961002786,359
CTTGG,0.008333333333333333,840
TAGCA,0.008305647840531562,602
CCAA,0.008168028004667444,5142
CCTT,0.008127438231469442,6152
CTGA,0.008049242424242424,6336
TGAGG,0.007905138339920948,1265
GTTGA,0.007782101167315175,257
TGA,0.007656345280845586,14759
TAGG,0.0074992789154888955,3467
GTCTT,0.007477906186267845,1471
TACC,0.00741962077493817,1213
TCT,0.007380073800738007,271
GGATA,0.007352941176470588,272
GGTT,0.007345575959933222,2995
GGCAA,0.007326007326007326,546
GGAA,0.007215007215007215,6930
GACTC,0.0070921985815602835,282
CAA,0.0070644191089039654,14297
TCTCC,0.007042253521126761,2414
CCCTT,0.006951340615690168,1007
GACCA,0.006936416184971098,865
GAGGA,0.006928406466512702,1299
GTCTC,0.006802721088435374,294
TAGTG,0.00667779632721202,599
CAATG,0.006535947712418301,765
CTCTG,0.006493506493506494,1540
TACTG,0.006430868167202572,622
CAAA,0.006383733301808725,8459
GTCTA,0.006191950464396285,323
GTTTG,0.006160164271047228,974
CTT,0.006109847253818654,15385
GCAAA,0.005958829902491874,1846
GTGAA,0.005897771952817824,1526
GTA,0.005805974875963264,9473
TGACA,0.005747126436781609,348
CCAGA,0.0056022408963585435,357
TCA,0.005332831419787942,15939
TGAGA,0.0052585451358457495,1141
CTA,0.005234505862646567,9552
TT,0.0051996071407938065,17309
GTT,0.0051776888679689334,12747
GGTAA,0.004914004914004914,407
TCGAA,0.004878048780487805,205
TCAGG,0.00473186119873817,634
GACTG,0.004722550177095631,847
CAGTT,0.004662004662004662,858
GAGAA,0.004635761589403974,1510
GAGTT,0.00461361014994233,867
GGCTT,0.0045045045045045045,888
TAACC,0.004424778761061947,226
CTTTG,0.004361370716510903,1605
CTTCA,0.004310344827586207,464
CAATT,0.003992015968063872,1002
CCATA,0.00398406374501992,251
TAGTA,0.003968253968253968,756
TCAGC,0.003952569169960474,253
TCGA,0.00392156862745098,255
GGTCA,0.0039164490861618795,766
GTATT,0.0038095238095238095,1050
CCCTA,0.003656307129798903,547
CAGAA,0.0036496350364963502,1370
TTTG,0.0036063884595569293,3882
GAGTC,0.0035971223021582736,278
GACTT,0.003579952267303103,838
TACCA,0.0035087719298245615,570
CTCTT,0.0035014005602240898,1428
TGAAA,0.0034317089910775567,1457
CTTA,0.003417134488650232,4097
CTAGG,0.003401360544217687,294
GAATG,0.0033259423503325942,902
AA,0.0033204798628963155,9336
CATCA,0.003243243243243243,925
CTAA,0.0031912468657396852,4387
TCTCA,0.003094606542882405,2262
TTCA,0.0030627871362940277,1959
GCTAA,0.003036437246963563,988
TGATG,0.0030303030303030303,990
CTTGA,0.0029940119760479044,334
GCTTA,0.0029895366218236174,669
TCATA,0.0029850746268656717,335
TGAA,0.0029827519128517704,7711
GTCAA,0.0029411764705882353,1020
TCCTA,0.002881844380403458,347
TTACA,0.0028653295128939827,349
TAACA,0.002824858757062147,354
TGATA,0.0028089887640449437,356
GAA,0.002720537161379949,17276
CATAA,0.0027100271002710027,738
GATCA,0.0026954177897574125,742
TAGA,0.002685464921114468,2979
CATT,0.0026181437360911115,7639
TGTTA,0.002617801047120419,382
TATCA,0.002607561929595828,767
CTCTA,0.0025380710659898475,394
CAAGA,0.0024937655860349127,401
GACAA,0.0024783147459727386,807
GTAA,0.0024443901246638962,4091
CAACC,0.0023752969121140144,421
CTGGA,0.002364066193853428,423
TCCTT,0.0023515579071134627,1701
GACTA,0.002336448598130841,428
TATA,0.002282128084438739,7011
TCTT,0.002254098360655738,9760
TCTGA,0.0022371364653243847,1788
CTCAA,0.0022354694485842027,1342
TCCAA,0.0021691973969631237,1383
GAAA,0.0021496570785136658,9769
GTAAA,0.002081887578070784,1441
GATA,0.0020671834625322996,1935
TCTA,0.0020607934054611026,3882
GGATT,0.0020161290322580645,992
TCAA,0.0019230769230769232,6240
GTTA,0.0019220208676551346,3642
TCATT,0.0018587360594795538,1614
GATT,0.0018497109826589595,4325
GTTAA,0.001838235294117647,1088
TAGGA,0.001834862385321101,545
TATC,0.0017921146953405018,558
GAGTA,0.0017482517482517483,572
TACAA,0.0017346053772766695,1153
CTTAA,0.0016488046166529267,1213
CTGTT,0.001597444089456869,1252
TACTA,0.0015873015873015873,630
CAGTA,0.001557632398753894,642
GTTTT,0.0014509576320371445,3446
TAGTT,0.0014388489208633094,695
AAA,0.0014028056112224449,14970
CCAAA,0.0012970168612191958,1542
TACTT,0.0012610340479192938,793
GGAAA,0.0011961722488038277,1672
TTA,0.0011514104778353484,12159
TATT,0.0011433322939403388,9621
CTGAA,0.0011409013120365088,1753
TAA,0.0011403230915426037,15785
CAAAA,0.0010256410256410256,2925
TTAA,0.000859106529209622,3492
TCTAA,0.0008305647840531562,1204
TCTTA,0.0007968127490039841,1255
CCATT,0.0007898894154818325,1266
GAAAA,0.0007814535035165407,3839
GAATT,0.0006489292667099286,1541
TTTT,0.000611776701503951,19615
TAAA,0.0005189413596263622,9635
TAATT,0.0005141388174807198,1945
TCAAA,0.0004878048780487805,2050
AAAA,0.0004363382494109434,11459
TTTA,0.0003456619426201175,2893
